ft,kW
0,2.25
3280.839895,1.97
6561.67979,1.69
9842.519685,1.44
13123.35958,1.2
16404.19948,0.99
19685.03937,0.79
22965.87927,0.61
