,lb0,ub0,d,K,e00,a1,ftype,max_err,c0,rms_err
0,1.0000000000000013e-15,0.7,1,1,0.9960249757710423,1,MA,0.08238087584852521,0.9460414492363466,0.039722989129247634
