lb0,ub0,d,K,e00,a1,ftype,max_err,c0,rms_err
-34.538776394910684,-0.35667494393873245,1,1,0.99602497577104232,1,MA,0.082380875848525215,0.94604144923634659,0.039722989129247634
