,lb0,ub0,d,K,e00,a1,ftype,max_err,c0,rms_err
0,1.0000000000000013e-15,2.0,1,1,-0.09812127817413425,0.1,SMA,0.3813284810789739,1.0271170579660847,0.17694731095656302
