,ftype,K,d,c1,e11,a1,lb1,ub1,rms_err,max_err
0,MA,1,1,0.946041449236,0.996024975771,1,1e-15,0.7,0.0397229891292,0.0823808758485
