,ftype,K,d,c1,c2,c3,c4,e11,e12,e21,e22,e31,e32,e41,e42,a1,lb1,ub1,lb2,ub2,rms_err,max_err
0,SMA,4,2,1.02377225361e-07,0.00168194674165,2.28315571827e-06,175843713.871,18.8561449417,-0.183319564049,2.96307181424,-0.66747689316,-1.6533259069,-0.349640984511,-0.178664295938,-2.71300750079,3.09042657826,0.2,1.3,150000.0,700000.0,0.00657766303932,0.0180011473624
