,ftype,K,d,c1,c2,c3,c4,e11,e12,e21,e22,e31,e32,e41,e42,a1,lb1,ub1,lb2,ub2,rms_err,max_err
0,SMA,4,2,0.0247220670404,6.48922721427e-06,63531522304.1,2.03149101031e-07,2.49457600819,-1.10555005966,-1.90399733107,-0.680554197847,-0.243352245026,-3.43281874383,12.7178014824,-0.338119800353,3.71960510351,0.2,1.2,200000.0,700000.0,0.00489302974787,0.0137575426765
