CL,CD
0,0.0156
0.1,0.01302
0.2,0.01043
0.3,0.00915
0.4,0.0087
0.5,0.00847
0.6,0.0086
0.7,0.00879
0.8,0.00905
0.9,0.00943
1,0.00997
1.1,0.01077
1.2,0.01215
1.3,0.01559