,ftype,K,d,c1,c2,c3,c4,c5,e11,e12,e21,e22,e31,e32,e41,e42,e51,e52,a1,lb1,ub1,lb2,ub2,rms_err,max_err
0,MA,5,2,0.339937756191,5.44686465802,16.2594678953,9.50919380649,218.736550051,-0.181990627848,0.774603933165,-0.48486661932,0.246341521653,-0.539943202483,0.466384454578,-0.482346957559,0.467466389125,-0.603870895379,1.31244375217,1,20000.0,1000000.0,0.05,0.15,0.0407018460581,0.196202700142
