,ftype,K,d,c1,c2,c3,c4,e11,e12,e21,e22,e31,e32,e41,e42,a1,lb1,ub1,lb2,ub2,rms_err,max_err
0,MA,4,2,257.258544727,5.40206996265,13.2290663587,0.624886962471,-0.657935790704,1.05030782525,-0.477742073117,0.275020323077,-0.51140678286,0.449999787322,-0.228240404548,0.764889951811,1,50000.0,1000000.0,0.05,0.15,0.0304127251079,0.0938400625229
