,ftype,K,d,c1,c2,c3,c4,e11,e12,e21,e22,e31,e32,e41,e42,a1,lb1,ub1,lb2,ub2,rms_err,max_err
0,MA,4,2,24.1260186256,4.78915355576,6.36299157135,0.677236103108,-0.571265764214,0.379413971881,-0.472471970534,0.258398777318,-0.408843540654,0.756802645016,-0.236738521535,0.751149096921,1,200000.0,900000.0,0.05,0.2,0.0156323357491,0.0610788274615
