lb0,ub0,d,K,e00,a1,ftype,max_err,c0,rms_err
-1.2190175852850134,3.5187507221998939,1,1,0.7723915754684576,1,MA,1.0718652137941009,1.2784683664089935,0.34279129123926194
