,ftype,K,d,c1,c2,e11,e21,a1,lb1,ub1,rms_err,max_err
0,SMA,2,1,0.00866320978477,1.3862822191,-7.70187395694,1.12921131618,18.556942322,0.118012422272,0.968500443507,0.00699982306202,0.020769498869
