,ftype,K,d,c1,e11,a1,lb1,ub1,rms_err,max_err
0,MA,1,1,1.27846836641,0.772391575468,1,0.2955203479,33.74224868,0.342791291239,1.07186521379
