lb0,ub0,d,K,e00,a1,ftype,max_err,c0,rms_err
0.29552034789999998,33.742248679999996,1,1,0.7723915754684576,1,MA,1.0718652137941009,1.2784683664089935,0.34279129123926194
